,Name,Gender,EyeColor,Race,HairColor,Height,Publisher,SkinColor,Alignment,Weight
0,A-Bomb,Male,yellow,Human,No Hair,203,Marvel Comics,Unkown,good,441
1,Abe Sapien,Male,blue,Icthyo Sapien,No Hair,191,Dark Horse Comics,blue,good,65
2,Abin Sur,Male,blue,Ungaran,No Hair,185,DC Comics,red,good,90
3,Abomination,Male,green,Human / Radiation,No Hair,203,Marvel Comics,Unkown,bad,441
4,Abraxas,Male,blue,Cosmic Entity,Black,-99,Marvel Comics,Unkown,bad,-99
5,Absorbing Man,Male,blue,Human,No Hair,193,Marvel Comics,Unkown,bad,122
6,Adam Monroe,Male,blue,Unkown,Blond,-99,NBC Unkown Heroes,Unkown,good,-99
7,Adam Strange,Male,blue,Human,Blond,185,DC Comics,Unkown,good,88
8,Agent 13,Female,blue,Unkown,Blond,173,Marvel Comics,Unkown,good,61
9,Agent Bob,Male,brown,Human,Brown,178,Marvel Comics,Unkown,good,81
10,Agent Zero,Male,Unkown,Unkown,Unkown,191,Marvel Comics,Unkown,good,104
11,Air-Walker,Male,blue,Unkown,White,188,Marvel Comics,Unkown,bad,108
12,Ajax,Male,brown,Cyborg,Black,193,Marvel Comics,Unkown,bad,90
13,Alan Scott,Male,blue,Unkown,Blond,180,DC Comics,Unkown,good,90
14,Alex Mercer,Male,Unkown,Human,Unkown,-99,Wildstorm,Unkown,bad,-99
15,Alex Woolsly,Male,Unkown,Unkown,Unkown,-99,NBC Unkown Heroes,Unkown,good,-99
16,Alfred Pennyworth,Male,blue,Human,Black,178,DC Comics,Unkown,good,72
17,Alien,Male,Unkown,Xenomorph XX121,No Hair,244,Dark Horse Comics,black,bad,169
18,Allan Quatermain,Male,Unkown,Unkown,Unkown,-99,Wildstorm,Unkown,good,-99
19,Amazo,Male,red,Android,Unkown,257,DC Comics,Unkown,bad,173
20,Ammo,Male,brown,Human,Black,188,Marvel Comics,Unkown,bad,101
21,Ando Masahashi,Male,Unkown,Unkown,Unkown,-99,NBC Unkown Heroes,Unkown,good,-99
22,Angel,Male,blue,Unkown,Blond,183,Marvel Comics,Unkown,good,68
23,Angel,Male,Unkown,Vampire,Unkown,-99,Dark Horse Comics,Unkown,good,-99
24,Angel Dust,Female,yellow,Mutant,Black,165,Marvel Comics,Unkown,good,57
25,Angel Salvadore,Female,brown,Unkown,Black,163,Marvel Comics,Unkown,good,54
26,Angela,Female,Unkown,Unkown,Unkown,-99,Image Comics,Unkown,bad,-99
27,Animal Man,Male,blue,Human,Blond,183,DC Comics,Unkown,good,83
28,Annihilus,Male,green,Unkown,No Hair,180,Marvel Comics,Unkown,bad,90
29,Ant-Man,Male,blue,Human,Blond,211,Marvel Comics,Unkown,good,122
30,Ant-Man II,Male,blue,Human,Blond,183,Marvel Comics,Unkown,good,86
31,Anti-Monitor,Male,yellow,God / Eternal,No Hair,61,DC Comics,Unkown,bad,-99
32,Anti-Spawn,Male,Unkown,Unkown,Unkown,-99,Image Comics,Unkown,bad,-99
33,Anti-Venom,Male,blue,Symbiote,Blond,229,Marvel Comics,Unkown,Unkown,358
34,Apocalypse,Male,red,Mutant,Black,213,Marvel Comics,grey,bad,135
35,Aquababy,Male,blue,Unkown,Blond,-99,DC Comics,Unkown,good,-99
36,Aqualad,Male,blue,Atlantean,Black,178,DC Comics,Unkown,good,106
37,Aquaman,Male,blue,Atlantean,Blond,185,DC Comics,Unkown,good,146
38,Arachne,Female,blue,Human,Blond,175,Marvel Comics,Unkown,good,63
39,Archangel,Male,blue,Mutant,Blond,183,Marvel Comics,blue,good,68
40,Arclight,Female,violet,Unkown,Purple,173,Marvel Comics,Unkown,bad,57
41,Ardina,Female,white,Alien,Orange,193,Marvel Comics,gold,good,98
42,Ares,Male,brown,Unkown,Brown,185,Marvel Comics,Unkown,good,270
43,Ariel,Female,purple,Unkown,Pink,165,Marvel Comics,Unkown,good,59
44,Armor,Female,black,Unkown,Black,163,Marvel Comics,Unkown,good,50
45,Arsenal,Male,Unkown,Human,Unkown,-99,DC Comics,Unkown,good,-99
46,Astro Boy,Male,brown,Unkown,Black,-99,,Unkown,good,-99
47,Atlas,Male,brown,Mutant,Red,183,Marvel Comics,Unkown,good,101
48,Atlas,Male,blue,God / Eternal,Brown,198,DC Comics,Unkown,bad,126
49,Atom,Male,blue,Unkown,Red,178,DC Comics,Unkown,good,68
50,Atom,Male,Unkown,Unkown,Unkown,-99,DC Comics,Unkown,good,-99
51,Atom Girl,Female,black,Unkown,Black,168,DC Comics,Unkown,good,54
52,Atom II,Male,brown,Human,Auburn,183,DC Comics,Unkown,good,81
53,Atom III,Male,Unkown,Unkown,Red,-99,DC Comics,Unkown,good,-99
54,Atom IV,Male,brown,Unkown,Black,-99,DC Comics,Unkown,good,72
55,Aurora,Female,blue,Mutant,Black,180,Marvel Comics,Unkown,good,63
56,Azazel,Male,yellow,Neyaphem,Black,183,Marvel Comics,red,bad,67
57,Azrael,Male,brown,Human,Black,-99,DC Comics,Unkown,good,-99
58,Aztar,Male,Unkown,Unkown,Unkown,-99,DC Comics,Unkown,good,-99
59,Bane,Male,Unkown,Human,Unkown,203,DC Comics,Unkown,bad,180
60,Banshee,Male,green,Human,Strawberry Blond,183,Marvel Comics,Unkown,good,77
61,Bantam,Male,brown,Unkown,Black,165,Marvel Comics,Unkown,good,54
62,Batgirl,Female,Unkown,Unkown,Unkown,-99,DC Comics,Unkown,good,-99
63,Batgirl,Female,green,Human,Red,170,DC Comics,Unkown,good,57
64,Batgirl III,Female,Unkown,Unkown,Unkown,-99,DC Comics,Unkown,good,-99
65,Batgirl IV,Female,green,Human,Black,165,DC Comics,Unkown,good,52
66,Batgirl V,Female,Unkown,Unkown,Unkown,-99,DC Comics,Unkown,good,-99
67,Batgirl VI,Female,blue,Unkown,Blond,168,DC Comics,Unkown,good,61
68,Batman,Male,blue,Human,black,188,DC Comics,Unkown,good,95
69,Batman,Male,blue,Human,Black,178,DC Comics,Unkown,good,77
70,Batman II,Male,blue,Human,Black,178,DC Comics,Unkown,good,79
71,Battlestar,Male,brown,Unkown,Black,198,Marvel Comics,Unkown,good,133
72,Batwoman V,Female,green,Human,Red,178,DC Comics,Unkown,good,-99
73,Beak,Male,black,Unkown,White,175,Marvel Comics,Unkown,good,63
74,Beast,Male,blue,Mutant,Blue,180,Marvel Comics,blue,good,181
75,Beast Boy,Male,green,Human,Green,173,DC Comics,green,good,68
76,Beetle,Male,Unkown,Unkown,Unkown,-99,Marvel Comics,Unkown,bad,-99
77,Ben 10,Male,Unkown,Unkown,Unkown,-99,DC Comics,Unkown,good,-99
78,Beta Ray Bill,Male,Unkown,Unkown,No Hair,201,Marvel Comics,Unkown,good,216
79,Beyonder,Male,Unkown,God / Eternal,Unkown,-99,Marvel Comics,Unkown,good,-99
80,Big Barda,Female,blue,New God,Black,188,DC Comics,Unkown,bad,135
81,Big Daddy,Male,Unkown,Unkown,Unkown,-99,Icon Comics,Unkown,good,-99
82,Big Man,Male,blue,Unkown,Brown,165,Marvel Comics,Unkown,bad,71
83,Bill Harken,Male,Unkown,Alpha,Unkown,-99,SyFy,Unkown,good,-99
84,Billy Kincaid,Male,Unkown,Unkown,Unkown,-99,Image Comics,Unkown,bad,-99
85,Binary,Female,blue,Unkown,Blond,180,Marvel Comics,Unkown,good,54
86,Bionic Woman,Female,blue,Cyborg,Black,-99,,Unkown,good,-99
87,Bird-Brain,Unkown,Unkown,Unkown,Unkown,-99,Marvel Comics,Unkown,good,-99
88,Bird-Man,Male,Unkown,Human,Unkown,-99,Marvel Comics,Unkown,bad,-99
89,Bird-Man II,Male,Unkown,Human,Unkown,-99,Marvel Comics,Unkown,bad,-99
90,Birdman,Male,Unkown,God / Eternal,Unkown,-99,HannaUnkownBarbera,Unkown,good,-99
91,Bishop,Male,brown,Mutant,No Hair,198,Marvel Comics,Unkown,good,124
92,Bizarro,Male,black,Bizarro,Black,191,DC Comics,white,neutral,155
93,Black Abbott,Male,red,Unkown,Black,-99,Marvel Comics,Unkown,bad,-99
94,Black Adam,Male,brown,Unkown,Black,191,DC Comics,Unkown,bad,113
95,Black Bolt,Male,blue,Inhuman,Black,188,Marvel Comics,Unkown,good,95
96,Black Canary,Female,blue,Human,Blond,165,DC Comics,Unkown,good,58
97,Black Canary,Female,blue,Metahuman,Blond,170,DC Comics,Unkown,good,59
98,Black Cat,Female,green,Human,Blond,178,Marvel Comics,Unkown,good,54
99,Black Flash,Male,Unkown,God / Eternal,Unkown,-99,DC Comics,Unkown,neutral,-99
100,Black Goliath,Male,Unkown,Unkown,Unkown,-99,Marvel Comics,Unkown,good,-99
101,Black Knight III,Male,brown,Human,Brown,183,Marvel Comics,Unkown,good,86
102,Black Lightning,Male,brown,Unkown,No Hair,185,DC Comics,Unkown,good,90
103,Black Mamba,Female,green,Unkown,Black,170,Marvel Comics,Unkown,bad,52
104,Black Manta,Male,black,Human,No Hair,188,DC Comics,Unkown,bad,92
105,Black Panther,Male,brown,Human,Black,183,Marvel Comics,Unkown,good,90
106,Black Widow,Female,green,Human,Auburn,170,Marvel Comics,Unkown,good,59
107,Black Widow II,Female,blue,Unkown,Blond,170,Marvel Comics,Unkown,good,61
108,Blackout,Male,red,Demon,White,191,Marvel Comics,white,bad,104
109,Blackwing,Male,blue,Unkown,Black,185,Marvel Comics,Unkown,bad,86
110,Blackwulf,Male,red,Alien,White,188,Marvel Comics,Unkown,Unkown,88
111,Blade,Male,brown,Vampire,Black,188,Marvel Comics,Unkown,good,97
112,Blaquesmith,Unkown,black,Unkown,No Hair,-99,Marvel Comics,Unkown,good,-99
113,Bling!,Female,Unkown,Unkown,Unkown,168,Marvel Comics,Unkown,good,68
114,Blink,Female,green,Mutant,Magenta,165,Marvel Comics,pink,good,56
115,Blizzard,Male,Unkown,Unkown,Unkown,-99,Marvel Comics,Unkown,bad,-99
116,Blizzard,Male,Unkown,Unkown,Brown,-99,Marvel Comics,Unkown,bad,-99
117,Blizzard II,Male,brown,Unkown,Brown,175,Marvel Comics,Unkown,bad,77
118,Blob,Male,brown,Unkown,Brown,178,Marvel Comics,Unkown,bad,230
119,Bloodaxe,Female,blue,Human,Brown,218,Marvel Comics,Unkown,bad,495
120,Bloodhawk,Male,black,Mutant,No Hair,-99,Marvel Comics,Unkown,good,-99
121,Bloodwraith,Male,white,Unkown,No Hair,30.5,Marvel Comics,Unkown,bad,-99
122,Blue Beetle,Male,blue,Unkown,Brown,-99,DC Comics,Unkown,good,-99
123,Blue Beetle,Male,Unkown,Unkown,Unkown,-99,DC Comics,Unkown,good,-99
124,Blue Beetle II,Male,blue,Unkown,Brown,183,DC Comics,Unkown,good,86
125,Blue Beetle III,Male,brown,Human,Black,-99,DC Comics,Unkown,good,-99
126,Boba Fett,Male,brown,Human / Clone,Black,183,George Lucas,Unkown,bad,-99
127,Bolt,Male,Unkown,Unkown,Unkown,-99,Marvel Comics,Unkown,good,-99
128,Bomb Queen,Female,Unkown,Unkown,Unkown,-99,Image Comics,Unkown,bad,-99
129,Boom-Boom,Female,blue,Mutant,Blond,165,Marvel Comics,Unkown,good,55
130,Boomer,Female,Unkown,Unkown,Unkown,-99,Marvel Comics,Unkown,good,-99
131,Booster Gold,Male,blue,Human,Blond,196,DC Comics,Unkown,good,97
132,Box,Male,Unkown,Unkown,Unkown,-99,Marvel Comics,Unkown,good,-99
133,Box III,Unkown,blue,Unkown,Blond,193,Marvel Comics,Unkown,good,110
134,Box IV,Unkown,brown,Unkown,Brown / Black,-99,Marvel Comics,Unkown,good,-99
135,Brainiac,Male,green,Android,No Hair,198,DC Comics,green,bad,135
136,Brainiac 5,Male,green,Unkown,Blond,170,DC Comics,Unkown,good,61
137,Brother Voodoo,Male,brown,Human,Brown / White,183,Marvel Comics,Unkown,good,99
138,Brundlefly,Male,Unkown,Mutant,Unkown,193,,Unkown,Unkown,-99
139,Buffy,Female,green,Human,Blond,157,Dark Horse Comics,Unkown,good,52
140,Bullseye,Male,blue,Human,blond,183,Marvel Comics,Unkown,bad,90
141,Bumblebee,Female,brown,Human,Black,170,DC Comics,Unkown,good,59
142,Bumbleboy,Male,Unkown,Unkown,Unkown,-99,Marvel Comics,Unkown,good,-99
143,Bushido,Male,Unkown,Human,Unkown,-99,DC Comics,Unkown,good,-99
144,Cable,Male,blue,Mutant,White,203,Marvel Comics,Unkown,good,158
145,Callisto,Female,blue,Unkown,Black,175,Marvel Comics,Unkown,bad,74
146,Cameron Hicks,Male,Unkown,Alpha,Unkown,-99,SyFy,Unkown,good,-99
147,Cannonball,Male,blue,Unkown,Blond,183,Marvel Comics,Unkown,good,81
148,Captain America,Male,blue,Human,blond,188,Marvel Comics,Unkown,good,108
149,Captain Atom,Male,blue,Human / Radiation,Silver,193,DC Comics,silver,good,90
150,Captain Britain,Male,blue,Human,Blond,198,Marvel Comics,Unkown,good,116
151,Captain Cold,Male,brown,Human,Brown,-99,DC Comics,Unkown,neutral,-99
152,Captain Epic,Male,blue,Unkown,Brown,188,Team Epic TV,Unkown,good,-99
153,Captain Hindsight,Male,Unkown,Human,Black,-99,South Park,Unkown,good,-99
154,Captain Mar-vell,Male,blue,Unkown,Blond,188,Marvel Comics,Unkown,good,108
155,Captain Marvel,Female,blue,Human-Kree,Blond,180,Marvel Comics,Unkown,good,74
156,Captain Marvel,Male,blue,Human,Black,193,DC Comics,Unkown,good,101
157,Captain Marvel II,Male,blue,Human,Black,175,DC Comics,Unkown,good,74
158,Captain Midnight,Male,Unkown,Human,Unkown,-99,Dark Horse Comics,Unkown,good,-99
159,Captain Planet,Male,red,God / Eternal,Green,-99,Marvel Comics,Unkown,good,-99
160,Captain Universe,Unkown,Unkown,God / Eternal,Unkown,-99,Marvel Comics,Unkown,good,-99
161,Carnage,Male,green,Symbiote,Red,185,Marvel Comics,Unkown,bad,86
162,Cat,Female,blue,Unkown,Blond,173,Marvel Comics,Unkown,good,61
163,Cat II,Female,Unkown,Unkown,Unkown,-99,Marvel Comics,Unkown,good,-99
164,Catwoman,Female,green,Human,Black,175,DC Comics,Unkown,good,61
165,Cecilia Reyes,Unkown,brown,Unkown,Brown,170,Marvel Comics,Unkown,good,62
166,Century,Male,white,Alien,White,201,Marvel Comics,grey,good,97
167,Cerebra,Female,Unkown,Mutant,Unkown,-99,Marvel Comics,Unkown,good,-99
168,Chamber,Male,brown,Mutant,Brown,175,Marvel Comics,Unkown,good,63
169,Chameleon,Male,Unkown,Unkown,Unkown,-99,DC Comics,Unkown,bad,-99
170,Changeling,Male,brown,Unkown,Black,180,Marvel Comics,Unkown,bad,81
171,Cheetah,Female,green,Human,Blond,163,DC Comics,Unkown,bad,50
172,Cheetah II,Female,green,Human,Brown,170,DC Comics,Unkown,bad,55
173,Cheetah III,Female,brown,Human,Brown,175,DC Comics,Unkown,bad,54
174,Chromos,Male,brown,Unkown,Red / Grey,185,Team Epic TV,Unkown,bad,86
175,Chuck Norris,Male,Unkown,Unkown,Unkown,178,,Unkown,good,-99
176,Citizen Steel,Male,green,Human,Red,183,DC Comics,Unkown,good,170
177,Claire Bennet,Female,blue,Unkown,Blond,-99,NBC Unkown Heroes,Unkown,good,-99
178,Clea,Unkown,Unkown,Unkown,White,-99,Marvel Comics,Unkown,good,-99
179,Cloak,Male,brown,Unkown,black,226,Marvel Comics,Unkown,good,70
180,Clock King,Male,blue,Human,Black,178,DC Comics,Unkown,bad,78
181,Cogliostro,Male,Unkown,Unkown,Unkown,-99,Image Comics,Unkown,bad,-99
182,Colin Wagner,Male,grey,Unkown,Brown,-99,HarperCollins,Unkown,good,-99
183,Colossal Boy,Male,Unkown,Unkown,Unkown,-99,DC Comics,Unkown,good,-99
184,Colossus,Male,silver,Mutant,Black,226,Marvel Comics,Unkown,good,225
185,Copycat,Female,red,Mutant,White,183,Marvel Comics,blue,neutral,67
186,Corsair,Male,brown,Unkown,Brown,191,Marvel Comics,Unkown,good,79
187,Cottonmouth,Male,brown,Human,Black,183,Marvel Comics,Unkown,bad,99
188,Crimson Crusader,Male,blue,Unkown,Strawberry Blond,-99,Marvel Comics,Unkown,good,-99
189,Crimson Dynamo,Male,brown,Unkown,No Hair,180,Marvel Comics,Unkown,good,104
190,Crystal,Female,green,Inhuman,Red,168,Marvel Comics,Unkown,good,50
191,Curse,Male,Unkown,Unkown,Unkown,-99,Image Comics,Unkown,bad,-99
192,CyUnkownGor,Male,Unkown,Unkown,Unkown,-99,Image Comics,Unkown,bad,-99
193,Cyborg,Male,brown,Cyborg,Black,198,DC Comics,Unkown,good,173
194,Cyborg Superman,Male,blue,Cyborg,Black,-99,DC Comics,Unkown,bad,-99
195,Cyclops,Male,brown,Mutant,Brown,191,Marvel Comics,Unkown,good,88
196,Cypher,Unkown,blue,Unkown,Blond,175,Marvel Comics,Unkown,good,68
197,Dagger,Female,blue,Unkown,Blond,165,Marvel Comics,Unkown,good,52
198,Danny Cooper,Male,brown,Unkown,Blond,-99,HarperCollins,Unkown,good,-99
199,Daphne Powell,Female,Unkown,Unkown,Unkown,-99,ABC Studios,Unkown,good,-99
200,Daredevil,Male,blue,Human,Red,183,Marvel Comics,Unkown,good,90
201,Darkhawk,Male,brown,Human,Brown,185,Marvel Comics,Unkown,good,81
202,Darkman,Male,Unkown,Unkown,Unkown,-99,Universal Studios,Unkown,good,-99
203,Darkseid,Male,red,New God,No Hair,267,DC Comics,grey,bad,817
204,Darkside,Unkown,Unkown,Unkown,Unkown,-99,,Unkown,bad,-99
205,Darkstar,Female,brown,Mutant,Blond,168,Marvel Comics,Unkown,good,56
206,Darth Maul,Male,yellow / red,Dathomirian Zabrak,Unkown,170,George Lucas,red / black,bad,-99
207,Darth Vader,Male,yellow,Cyborg,No Hair,198,George Lucas,Unkown,bad,135
208,Dash,Male,blue,Human,Blond,122,Dark Horse Comics,Unkown,good,27
209,Data,Male,yellow,Android,Brown,-99,Star Trek,Unkown,good,-99
210,Dazzler,Female,blue,Mutant,Blond,173,Marvel Comics,Unkown,good,52
211,Deadman,Male,blue,Human,Black,183,DC Comics,Unkown,good,90
212,Deadpool,Male,brown,Mutant,No Hair,188,Marvel Comics,Unkown,neutral,95
213,Deadshot,Male,brown,Human,Brown,185,DC Comics,Unkown,bad,91
214,Deathlok,Male,brown,Cyborg,Grey,193,Marvel Comics,Unkown,good,178
215,Deathstroke,Male,blue,Human,White,193,DC Comics,Unkown,neutral,101
216,Demogoblin,Male,red,Demon,No Hair,185,Marvel Comics,Unkown,bad,95
217,Destroyer,Male,Unkown,Unkown,Unkown,188,Marvel Comics,Unkown,bad,383
218,Diamondback,Male,brown,Human,Black,193,Marvel Comics,Unkown,bad,90
219,DL Hawkins,Male,Unkown,Unkown,Unkown,-99,NBC Unkown Heroes,Unkown,good,-99
220,Doc Samson,Male,blue,Human / Radiation,Green,198,Marvel Comics,Unkown,good,171
221,Doctor Doom,Male,brown,Human,Brown,201,Marvel Comics,Unkown,bad,187
222,Doctor Doom II,Male,brown,Unkown,Brown,201,Marvel Comics,Unkown,bad,132
223,Doctor Fate,Male,blue,Human,Blond,188,DC Comics,Unkown,good,89
224,Doctor Octopus,Male,brown,Human,Brown,175,Marvel Comics,Unkown,bad,110
225,Doctor Strange,Male,grey,Human,Black,188,Marvel Comics,Unkown,good,81
226,Domino,Female,blue,Human,Black,173,Marvel Comics,white,good,54
227,Donatello,Male,green,Mutant,No Hair,-99,IDW Publishing,green,good,-99
228,Donna Troy,Female,blue,Amazon,Black,175,DC Comics,Unkown,good,63
229,Doomsday,Male,red,Alien,White,244,DC Comics,Unkown,bad,412
230,Doppelganger,Male,white,Unkown,No Hair,196,Marvel Comics,Unkown,bad,104
231,Dormammu,Male,yellow,Unkown,No Hair,185,Marvel Comics,Unkown,bad,-99
232,Dr Manhattan,Male,white,Human / Cosmic,No Hair,-99,DC Comics,blue,good,-99
233,Drax the Destroyer,Male,red,Human / Altered,No Hair,193,Marvel Comics,green,good,306
234,Ego,Unkown,Unkown,Unkown,Unkown,-99,Marvel Comics,Unkown,bad,-99
235,Elastigirl,Female,brown,Human,Brown,168,Dark Horse Comics,Unkown,good,56
236,Electro,Male,blue,Human,Auburn,180,Marvel Comics,Unkown,bad,74
237,Elektra,Female,blue,Human,Black,175,Marvel Comics,Unkown,good,59
238,Elle Bishop,Female,blue,Unkown,Blond,-99,NBC Unkown Heroes,Unkown,bad,-99
239,Elongated Man,Male,blue,Unkown,Red,185,DC Comics,Unkown,good,80
240,Emma Frost,Female,blue,Unkown,Blond,178,Marvel Comics,Unkown,good,65
241,Enchantress,Female,blue,Human,Blond,168,DC Comics,Unkown,good,57
242,Energy,Female,Unkown,Unkown,Unkown,-99,HarperCollins,Unkown,good,-99
243,ERG-1,Male,Unkown,Unkown,Unkown,-99,DC Comics,Unkown,good,-99
244,Ethan Hunt,Male,brown,Human,Brown,168,,Unkown,good,-99
245,Etrigan,Male,red,Demon,No Hair,193,DC Comics,yellow,neutral,203
246,Evil Deadpool,Male,white,Mutant,Red,188,Marvel Comics,Unkown,bad,95
247,Evilhawk,Male,red,Alien,Black,191,Marvel Comics,green,bad,106
248,Exodus,Male,blue,Mutant,Black,183,Marvel Comics,red,bad,88
249,Fabian Cortez,Unkown,blue,Unkown,Brown,196,Marvel Comics,Unkown,bad,96
250,Falcon,Male,brown,Human,Black,188,Marvel Comics,Unkown,good,108
251,Fallen One II,Male,black,Unkown,Blue,-99,Marvel Comics,Unkown,bad,-99
252,Faora,Female,Unkown,Kryptonian,Unkown,-99,DC Comics,Unkown,bad,-99
253,Feral,Unkown,yellow (without irises),Unkown,Orange / White,175,Marvel Comics,Unkown,good,50
254,Fighting Spirit,Female,Unkown,Unkown,Red,-99,DC Comics,Unkown,good,-99
255,Fin Fang Foom,Male,red,Kakarantharaian,No Hair,975,Marvel Comics,green,good,18
256,Firebird,Female,brown,Unkown,Black,165,Marvel Comics,Unkown,good,56
257,Firelord,Unkown,white,Unkown,Yellow,193,Marvel Comics,Unkown,good,99
258,Firestar,Female,green,Mutant,Red,173,Marvel Comics,Unkown,good,56
259,Firestorm,Male,brown,Unkown,Black,-99,DC Comics,Unkown,good,-99
260,Firestorm,Male,blue,Human,Auburn,188,DC Comics,Unkown,good,91
261,Fixer,Unkown,red,Unkown,No Hair,-99,Marvel Comics,Unkown,bad,-99
262,Flash,Male,blue,Human,Brown / White,180,DC Comics,Unkown,good,81
263,Flash Gordon,Male,Unkown,Unkown,Unkown,-99,,Unkown,good,-99
264,Flash II,Male,blue,Human,Blond,183,DC Comics,Unkown,good,88
265,Flash III,Male,Unkown,Human,Unkown,183,DC Comics,Unkown,good,86
266,Flash IV,Male,yellow,Human,Auburn,157,DC Comics,Unkown,good,52
267,Forge,Unkown,brown,Unkown,Black,183,Marvel Comics,Unkown,good,81
268,Franklin Richards,Male,blue,Mutant,Blond,142,Marvel Comics,Unkown,good,45
269,Franklin Storm,Unkown,blue,Unkown,Grey,188,Marvel Comics,Unkown,good,92
270,Frenzy,Female,brown,Unkown,Black,211,Marvel Comics,Unkown,bad,104
271,Frigga,Female,blue,Unkown,White,180,Marvel Comics,Unkown,good,167
272,Galactus,Male,black,Cosmic Entity,Black,876,Marvel Comics,Unkown,neutral,16
273,Gambit,Male,red,Mutant,Brown,185,Marvel Comics,Unkown,good,81
274,Gamora,Female,yellow,Zen-Whoberian,Black,183,Marvel Comics,green,good,77
275,Garbage Man,Male,Unkown,Mutant,Unkown,-99,DC Comics,Unkown,good,-99
276,Gary Bell,Male,Unkown,Alpha,Unkown,-99,SyFy,Unkown,good,-99
277,General Zod,Male,black,Kryptonian,Black,-99,DC Comics,Unkown,bad,-99
278,Genesis,Male,blue,Unkown,Blond,185,Marvel Comics,Unkown,good,86
279,Ghost Rider,Male,red,Demon,No Hair,188,Marvel Comics,Unkown,good,99
280,Ghost Rider II,Unkown,Unkown,Unkown,Unkown,-99,Marvel Comics,Unkown,good,-99
281,Giant-Man,Male,Unkown,Human,Unkown,-99,Marvel Comics,Unkown,good,-99
282,Giant-Man II,Male,Unkown,Unkown,Unkown,-99,Marvel Comics,Unkown,good,-99
283,Giganta,Female,green,Unkown,Red,62.5,DC Comics,Unkown,bad,630
284,Gladiator,Male,blue,Strontian,Blue,198,Marvel Comics,purple,neutral,268
285,Goblin Queen,Female,green,Unkown,Red,168,Marvel Comics,Unkown,bad,50
286,Godzilla,Unkown,Unkown,Kaiju,Unkown,108,,grey,bad,0
287,Gog,Male,Unkown,Unkown,Unkown,-99,DC Comics,Unkown,bad,-99
288,Goku,Male,Unkown,Saiyan,Unkown,175,Shueisha,Unkown,good,62
289,Goliath,Male,Unkown,Unkown,Unkown,-99,Marvel Comics,Unkown,good,-99
290,Goliath,Male,Unkown,Human,Unkown,-99,Marvel Comics,Unkown,good,-99
291,Goliath,Male,Unkown,Human,Unkown,-99,Marvel Comics,Unkown,good,-99
292,Goliath IV,Male,brown,Unkown,Black,183,Marvel Comics,Unkown,good,90
293,Gorilla Grodd,Male,yellow,Gorilla,Black,198,DC Comics,Unkown,bad,270
294,Granny Goodness,Female,blue,Unkown,White,178,DC Comics,Unkown,bad,115
295,Gravity,Male,blue,Human,Brown,178,Marvel Comics,Unkown,good,79
296,Greedo,Male,purple,Rodian,Unkown,170,George Lucas,green,bad,-99
297,Green Arrow,Male,green,Human,Blond,188,DC Comics,Unkown,good,88
298,Green Goblin,Male,blue,Human,Auburn,180,Marvel Comics,Unkown,bad,83
299,Green Goblin II,Male,blue,Unkown,Auburn,178,Marvel Comics,Unkown,bad,77
300,Green Goblin III,Male,Unkown,Unkown,Unkown,183,Marvel Comics,Unkown,good,88
301,Green Goblin IV,Male,green,Unkown,Brown,178,Marvel Comics,Unkown,good,79
302,Groot,Male,yellow,Flora Colossus,Unkown,701,Marvel Comics,Unkown,good,4
303,Guardian,Male,brown,Human,Black,-99,Marvel Comics,Unkown,good,-99
304,Guy Gardner,Male,blue,Human-Vuldarian,Red,188,DC Comics,Unkown,good,95
305,Hal Jordan,Male,brown,Human,Brown,188,DC Comics,Unkown,good,90
306,Han Solo,Male,brown,Human,Brown,183,George Lucas,Unkown,good,79
307,Hancock,Male,brown,Human,Black,188,Sony Pictures,Unkown,good,-99
308,Harley Quinn,Female,blue,Human,Blond,170,DC Comics,Unkown,bad,63
309,Harry Potter,Male,green,Human,Black,-99,J. K. Rowling,Unkown,good,-99
310,Havok,Male,blue,Mutant,Blond,183,Marvel Comics,Unkown,good,79
311,Hawk,Male,red,Unkown,Brown,185,DC Comics,Unkown,good,89
312,Hawkeye,Male,blue,Human,Blond,191,Marvel Comics,Unkown,good,104
313,Hawkeye II,Female,blue,Human,Black,165,Marvel Comics,Unkown,good,57
314,Hawkgirl,Female,green,Unkown,Red,175,DC Comics,Unkown,good,61
315,Hawkman,Male,blue,Unkown,Brown,185,DC Comics,Unkown,good,88
316,Hawkwoman,Female,green,Unkown,Red,175,DC Comics,Unkown,good,54
317,Hawkwoman II,Female,Unkown,Unkown,Unkown,-99,DC Comics,Unkown,good,-99
318,Hawkwoman III,Female,blue,Unkown,Red,170,DC Comics,Unkown,good,65
319,Heat Wave,Male,blue,Human,No Hair,180,DC Comics,Unkown,bad,81
320,Hela,Female,green,Asgardian,Black,213,Marvel Comics,Unkown,bad,225
321,Hellboy,Male,gold,Demon,Black,259,Dark Horse Comics,Unkown,good,158
322,Hellcat,Female,blue,Human,Red,173,Marvel Comics,Unkown,good,61
323,Hellstorm,Male,red,Unkown,Red,185,Marvel Comics,Unkown,good,81
324,Hercules,Male,blue,Demi-God,Brown,196,Marvel Comics,Unkown,good,146
325,Hiro Nakamura,Male,Unkown,Unkown,Unkown,-99,NBC Unkown Heroes,Unkown,good,-99
326,Hit-Girl,Female,Unkown,Human,Unkown,-99,Icon Comics,Unkown,good,-99
327,Hobgoblin,Male,blue,Unkown,Grey,180,Marvel Comics,Unkown,bad,83
328,Hollow,Female,blue,Unkown,Red,170,Marvel Comics,Unkown,good,-99
329,Hope Summers,Female,green,Unkown,Red,168,Marvel Comics,Unkown,good,48
330,Howard the Duck,Male,brown,Unkown,Yellow,79,Marvel Comics,Unkown,good,18
331,Hulk,Male,green,Human / Radiation,Green,244,Marvel Comics,green,good,630
332,Human Torch,Male,blue,Human / Radiation,Blond,178,Marvel Comics,Unkown,good,77
333,Huntress,Female,blue,Unkown,Black,180,DC Comics,Unkown,good,59
334,Husk,Female,blue,Mutant,Blond,170,Marvel Comics,Unkown,good,58
335,Hybrid,Male,brown,Symbiote,Black,175,Marvel Comics,Unkown,good,77
336,Hydro-Man,Male,brown,Unkown,Brown,188,Marvel Comics,Unkown,bad,119
337,Hyperion,Male,blue,Eternal,Red,183,Marvel Comics,Unkown,good,207
338,Iceman,Male,brown,Mutant,Brown,173,Marvel Comics,Unkown,good,65
339,Impulse,Male,yellow,Human,Auburn,170,DC Comics,Unkown,good,65
340,Indiana Jones,Male,Unkown,Human,Unkown,183,George Lucas,Unkown,good,79
341,Indigo,Female,Unkown,Alien,Purple,-99,DC Comics,Unkown,neutral,-99
342,Ink,Male,blue,Mutant,No Hair,180,Marvel Comics,Unkown,good,81
343,Invisible Woman,Female,blue,Human / Radiation,Blond,168,Marvel Comics,Unkown,good,54
344,Iron Fist,Male,blue,Human,Blond,180,Marvel Comics,Unkown,good,79
345,Iron Man,Male,blue,Human,Black,198,Marvel Comics,Unkown,good,191
346,Iron Monger,Male,blue,Unkown,No Hair,-99,Marvel Comics,Unkown,bad,2
347,Isis,Female,Unkown,Unkown,Unkown,-99,DC Comics,Unkown,good,-99
348,Jack Bauer,Male,Unkown,Unkown,Unkown,-99,,Unkown,good,-99
349,Jack of Hearts,Male,blue / white,Human,Brown,155,Marvel Comics,Unkown,good,79
350,JackUnkownJack,Male,blue,Human,Brown,71,Dark Horse Comics,Unkown,good,14
351,James Bond,Male,blue,Human,Blond,183,Titan Books,Unkown,good,-99
352,James T. Kirk,Male,hazel,Human,Brown,178,Star Trek,Unkown,good,77
353,Jar Jar Binks,Male,yellow,Gungan,Unkown,193,George Lucas,orange / white,good,-99
354,Jason Bourne,Male,Unkown,Human,Unkown,-99,,Unkown,good,-99
355,Jean Grey,Female,green,Mutant,Red,168,Marvel Comics,Unkown,good,52
356,Jean-Luc Picard,Male,Unkown,Human,Unkown,-99,Star Trek,Unkown,good,-99
357,Jennifer Kale,Female,blue,Unkown,Blond,168,Marvel Comics,Unkown,good,55
358,Jesse Quick,Female,Unkown,Human,Unkown,-99,DC Comics,Unkown,good,-99
359,Jessica Cruz,Female,green,Human,Brown,-99,DC Comics,Unkown,good,-99
360,Jessica Jones,Female,brown,Human,Brown,170,Marvel Comics,Unkown,good,56
361,Jessica Sanders,Female,Unkown,Unkown,Unkown,-99,NBC Unkown Heroes,Unkown,good,-99
362,Jigsaw,Male,blue,Unkown,Black,188,Marvel Comics,Unkown,bad,113
363,Jim Powell,Male,Unkown,Unkown,Unkown,-99,ABC Studios,Unkown,good,-99
364,JJ Powell,Male,Unkown,Unkown,Unkown,-99,ABC Studios,Unkown,good,-99
365,Johann Krauss,Male,Unkown,Unkown,Unkown,-99,Dark Horse Comics,Unkown,good,-99
366,John Constantine,Male,blue,Human,Blond,183,DC Comics,Unkown,good,-99
367,John Stewart,Male,green,Human,Black,185,DC Comics,Unkown,good,90
368,John Wraith,Male,brown,Unkown,Black,183,Marvel Comics,Unkown,good,88
369,Joker,Male,green,Human,Green,196,DC Comics,white,bad,86
370,Jolt,Female,blue,Unkown,Black,165,Marvel Comics,Unkown,good,49
371,Jubilee,Female,red,Mutant,Black,165,Marvel Comics,Unkown,good,52
372,Judge Dredd,Male,Unkown,Human,Unkown,188,Rebellion,Unkown,good,-99
373,Juggernaut,Male,blue,Human,Red,287,Marvel Comics,Unkown,neutral,855
374,Junkpile,Male,Unkown,Mutant,Unkown,-99,Marvel Comics,Unkown,bad,-99
375,Justice,Male,hazel,Human,Brown,178,Marvel Comics,Unkown,good,81
376,Jyn Erso,Female,green,Human,Brown,-99,George Lucas,Unkown,good,-99
377,KU-2SO,Male,white,Android,No Hair,213,George Lucas,gray,good,-99
378,Kang,Male,brown,Unkown,Brown,191,Marvel Comics,Unkown,bad,104
379,Karate Kid,Male,brown,Human,Brown,173,DC Comics,Unkown,good,72
380,Kathryn Janeway,Female,Unkown,Human,Unkown,-99,Star Trek,Unkown,good,-99
381,Katniss Everdeen,Female,Unkown,Human,Unkown,-99,,Unkown,good,-99
382,Kevin 11,Male,Unkown,Human,Black,-99,DC Comics,Unkown,good,-99
383,KickUnkownAss,Male,blue,Human,Blond,-99,Icon Comics,Unkown,good,-99
384,Kid Flash,Male,green,Human,Red,-99,DC Comics,Unkown,good,-99
385,Kid Flash II,Male,Unkown,Unkown,Unkown,-99,DC Comics,Unkown,good,-99
386,Killer Croc,Male,red,Metahuman,No Hair,244,DC Comics,green,bad,356
387,Killer Frost,Female,blue,Human,Blond,-99,DC Comics,blue,bad,-99
388,Kilowog,Male,red,Bolovaxian,No Hair,234,DC Comics,pink,good,324
389,King Kong,Male,yellow,Animal,Black,30.5,,Unkown,good,0
390,King Shark,Male,black,Animal,No Hair,-99,DC Comics,Unkown,bad,-99
391,Kingpin,Male,blue,Human,No Hair,201,Marvel Comics,Unkown,bad,203
392,Klaw,Male,red,Human,No Hair,188,Marvel Comics,red,bad,97
393,Kool-Aid Man,Male,black,Unkown,No Hair,-99,,red,good,-99
394,Kraven II,Male,brown,Human,Black,191,Marvel Comics,Unkown,bad,99
395,Kraven the Hunter,Male,brown,Human,Black,183,Marvel Comics,Unkown,bad,106
396,Krypto,Male,blue,Kryptonian,White,64,DC Comics,Unkown,good,18
397,Kyle Rayner,Male,green,Human,Black,180,DC Comics,Unkown,good,79
398,Kylo Ren,Male,Unkown,Human,Unkown,-99,George Lucas,Unkown,bad,-99
399,Lady Bullseye,Female,Unkown,Unkown,Black,-99,Marvel Comics,Unkown,bad,-99
400,Lady Deathstrike,Female,brown,Cyborg,Black,175,Marvel Comics,Unkown,bad,58
401,Leader,Male,green,Unkown,No Hair,178,Marvel Comics,Unkown,bad,63
402,Leech,Male,Unkown,Unkown,Unkown,-99,Marvel Comics,Unkown,good,-99
403,Legion,Male,green / blue,Mutant,Black,175,Marvel Comics,Unkown,good,59
404,Leonardo,Male,blue,Mutant,No Hair,-99,IDW Publishing,green,good,-99
405,Lex Luthor,Male,green,Human,No Hair,188,DC Comics,Unkown,bad,95
406,Light Lass,Female,blue,Unkown,Red,165,DC Comics,Unkown,good,54
407,Lightning Lad,Male,blue,Unkown,Red,155,DC Comics,Unkown,good,65
408,Lightning Lord,Male,blue,Unkown,Red,191,DC Comics,Unkown,bad,95
409,Living Brain,Unkown,yellow,Unkown,Unkown,198,Marvel Comics,Unkown,bad,360
410,Living Tribunal,Unkown,blue,Cosmic Entity,No Hair,-99,Marvel Comics,gold,neutral,-99
411,Liz Sherman,Female,Unkown,Unkown,Unkown,-99,Dark Horse Comics,Unkown,good,-99
412,Lizard,Male,red,Human,No Hair,203,Marvel Comics,Unkown,bad,230
413,Lobo,Male,red,Czarnian,Black,229,DC Comics,blueUnkownwhite,neutral,288
414,Loki,Male,green,Asgardian,Black,193,Marvel Comics,Unkown,bad,236
415,Longshot,Male,blue,Human,Blond,188,Marvel Comics,Unkown,good,36
416,Luke Cage,Male,brown,Human,Black,198,Marvel Comics,Unkown,good,191
417,Luke Campbell,Male,Unkown,Unkown,Unkown,-99,NBC Unkown Heroes,Unkown,bad,-99
418,Luke Skywalker,Male,blue,Human,Blond,168,George Lucas,Unkown,good,77
419,Luna,Female,Unkown,Human,Unkown,-99,Marvel Comics,Unkown,good,-99
420,Lyja,Female,green,Unkown,Green,-99,Marvel Comics,Unkown,good,-99
421,Mach-IV,Male,brown,Unkown,Brown,180,Marvel Comics,Unkown,bad,79
422,Machine Man,Unkown,red,Unkown,Black,183,Marvel Comics,Unkown,good,383
423,Magneto,Male,grey,Mutant,White,188,Marvel Comics,Unkown,bad,86
424,Magog,Male,blue,Unkown,Blond,-99,DC Comics,Unkown,good,-99
425,Magus,Male,black,Unkown,Unkown,183,Marvel Comics,Unkown,bad,-99
426,Man of Miracles,Unkown,blue,God / Eternal,Silver,-99,Image Comics,Unkown,Unkown,-99
427,Man-Bat,Male,brown,Human,Brown,-99,DC Comics,Unkown,neutral,-99
428,Man-Thing,Male,red,Unkown,No Hair,213,Marvel Comics,green,good,225
429,Man-Wolf,Male,brown,Unkown,Auburn,188,Marvel Comics,Unkown,good,90
430,Mandarin,Male,blue,Human,White,188,Marvel Comics,Unkown,bad,97
431,Mantis,Female,green,Human-Kree,Black,168,Marvel Comics,green,good,52
432,Martian Manhunter,Male,red,Martian,No Hair,201,DC Comics,green,good,135
433,Marvel Girl,Female,green,Unkown,Red,170,Marvel Comics,Unkown,good,56
434,Master Brood,Male,blue,Unkown,Black,183,Team Epic TV,Unkown,good,81
435,Master Chief,Male,brown,Human / Altered,Brown,213,Microsoft,Unkown,good,-99
436,Match,Male,black,Unkown,Black,-99,DC Comics,Unkown,bad,-99
437,Matt Parkman,Male,Unkown,Unkown,Unkown,-99,NBC Unkown Heroes,Unkown,good,-99
438,Maverick,Male,blue,Unkown,Black,193,Marvel Comics,Unkown,good,110
439,Maxima,Female,brown,Unkown,Red,180,DC Comics,Unkown,bad,72
440,Maya Herrera,Female,Unkown,Unkown,Unkown,-99,NBC Unkown Heroes,Unkown,good,-99
441,Medusa,Female,green,Inhuman,Red,180,Marvel Comics,Unkown,good,59
442,Meltdown,Female,blue,Unkown,Blond,165,Marvel Comics,Unkown,good,54
443,Mephisto,Male,white,Unkown,Black,198,Marvel Comics,Unkown,bad,140
444,Mera,Female,blue,Atlantean,Red,175,DC Comics,Unkown,good,72
445,Metallo,Male,green,Android,Brown,196,DC Comics,Unkown,bad,90
446,Metamorpho,Male,black,Unkown,No Hair,185,DC Comics,Unkown,good,90
447,Meteorite,Female,Unkown,Unkown,Unkown,-99,Marvel Comics,Unkown,good,-99
448,Metron,Male,blue,Unkown,Black,185,DC Comics,Unkown,good,86
449,Micah Sanders,Male,brown,Unkown,Black,-99,NBC Unkown Heroes,Unkown,good,-99
450,Michelangelo,Male,blue,Mutant,Unkown,-99,IDW Publishing,green,good,-99
451,Micro Lad,Male,grey,Unkown,Brown,183,DC Comics,Unkown,good,77
452,Mimic,Male,brown,Unkown,Brown,188,Marvel Comics,Unkown,good,101
453,Minna Murray,Female,Unkown,Unkown,Unkown,-99,Wildstorm,Unkown,good,-99
454,Misfit,Female,blue,Unkown,Red,-99,DC Comics,Unkown,good,-99
455,Miss Martian,Female,red,Unkown,Red,178,DC Comics,Unkown,good,61
456,Mister Fantastic,Male,brown,Human / Radiation,Brown,185,Marvel Comics,Unkown,good,81
457,Mister Freeze,Male,Unkown,Human,Unkown,183,DC Comics,Unkown,bad,86
458,Mister Knife,Male,blue,Spartoi,Brown,-99,Marvel Comics,Unkown,bad,-99
459,Mister Mxyzptlk,Male,Unkown,God / Eternal,Unkown,-99,DC Comics,Unkown,bad,-99
460,Mister Sinister,Male,red,Human / Altered,Black,196,Marvel Comics,Unkown,bad,128
461,Mister Zsasz,Male,blue,Human,Blond,-99,DC Comics,Unkown,bad,-99
462,Mockingbird,Female,blue,Human,Blond,175,Marvel Comics,Unkown,good,61
463,MODOK,Male,white,Cyborg,Brownn,366,Marvel Comics,Unkown,bad,338
464,Mogo,Male,Unkown,Planet,Unkown,-99,DC Comics,Unkown,good,-99
465,Mohinder Suresh,Male,Unkown,Unkown,Unkown,-99,NBC Unkown Heroes,Unkown,good,-99
466,Moloch,Male,Unkown,Unkown,Unkown,-99,DC Comics,Unkown,bad,-99
467,Molten Man,Male,gold,Unkown,Gold,196,Marvel Comics,Unkown,bad,248
468,Monarch,Male,blue,Unkown,White,193,DC Comics,Unkown,good,90
469,Monica Dawson,Female,Unkown,Unkown,Unkown,-99,NBC Unkown Heroes,Unkown,good,-99
470,Moon Knight,Male,brown,Human,Brown,188,Marvel Comics,Unkown,good,101
471,Moonstone,Female,blue,Unkown,Blond,180,Marvel Comics,Unkown,bad,59
472,Morlun,Male,white / red,Unkown,Black,188,Marvel Comics,Unkown,bad,79
473,Morph,Male,white,Unkown,No Hair,178,Marvel Comics,Unkown,good,79
474,Moses Magnum,Male,brown,Unkown,Black,175,Marvel Comics,Unkown,bad,72
475,Mr Immortal,Male,blue,Mutant,Blond,188,Marvel Comics,Unkown,good,70
476,Mr Incredible,Male,blue,Human,Blond,201,Dark Horse Comics,Unkown,good,158
477,Ms Marvel II,Female,blue,Unkown,Red,173,Marvel Comics,Unkown,good,61
478,Multiple Man,Male,blue,Unkown,Brown,180,Marvel Comics,Unkown,good,70
479,Mysterio,Male,brown,Human,No Hair,180,Marvel Comics,Unkown,bad,79
480,Mystique,Female,yellow (without irises),Mutant,Red / Orange,178,Marvel Comics,blue,bad,54
481,Namor,Male,Unkown,Unkown,Unkown,-99,Marvel Comics,Unkown,good,-99
482,Namor,Male,grey,Atlantean,Black,188,Marvel Comics,Unkown,good,125
483,Namora,Female,blue,Unkown,Blond,180,Marvel Comics,Unkown,good,85
484,Namorita,Female,blue,Unkown,Blond,168,Marvel Comics,Unkown,good,101
485,Naruto Uzumaki,Male,Unkown,Human,Unkown,168,Shueisha,Unkown,good,54
486,Nathan Petrelli,Male,brown,Unkown,Unkown,-99,NBC Unkown Heroes,Unkown,good,-99
487,Nebula,Female,blue,Luphomoid,No Hair,185,Marvel Comics,blue,bad,83
488,Negasonic Teenage Warhead,Female,black,Mutant,Black,-99,Marvel Comics,Unkown,good,-99
489,Nick Fury,Male,brown,Human,Brown / White,185,Marvel Comics,Unkown,good,99
490,Nightcrawler,Male,yellow,Unkown,Indigo,175,Marvel Comics,Unkown,good,88
491,Nightwing,Male,blue,Human,Black,178,DC Comics,Unkown,good,79
492,Niki Sanders,Female,blue,Unkown,Blond,-99,NBC Unkown Heroes,Unkown,good,-99
493,Nina Theroux,Female,Unkown,Alpha,Unkown,-99,SyFy,Unkown,good,-99
494,Nite Owl II,Male,Unkown,Unkown,Unkown,-99,DC Comics,Unkown,good,-99
495,Northstar,Male,blue,Unkown,Black,180,Marvel Comics,Unkown,good,83
496,Nova,Male,brown,Human,Brown,185,Marvel Comics,Unkown,good,86
497,Nova,Female,white,Human / Cosmic,Red,163,Marvel Comics,gold,good,59
498,Odin,Male,blue,God / Eternal,White,206,Marvel Comics,Unkown,good,293
499,Offspring,Male,Unkown,Unkown,Unkown,-99,DC Comics,Unkown,good,-99
500,Omega Red,Male,red,Unkown,Blond,211,Marvel Comics,Unkown,bad,191
501,Omniscient,Male,brown,Unkown,Black,180,Team Epic TV,Unkown,good,65
502,One Punch Man,Male,Unkown,Human,No Hair,175,Shueisha,Unkown,good,69
503,One-Above-All,Unkown,Unkown,Cosmic Entity,Unkown,-99,Marvel Comics,Unkown,neutral,-99
504,Onslaught,Male,red,Mutant,No Hair,305,Marvel Comics,Unkown,bad,405
505,Oracle,Female,blue,Human,Red,178,DC Comics,Unkown,good,59
506,Osiris,Male,brown,Unkown,Brown,-99,DC Comics,Unkown,good,-99
507,Overtkill,Male,Unkown,Unkown,Unkown,-99,Image Comics,Unkown,bad,-99
508,Ozymandias,Male,blue,Human,Blond,-99,DC Comics,Unkown,bad,-99
509,Parademon,Unkown,Unkown,Parademon,Unkown,-99,DC Comics,Unkown,bad,-99
510,Paul Blart,Male,Unkown,Human,Unkown,170,Sony Pictures,Unkown,good,117
511,Penance,Unkown,Unkown,Unkown,Unkown,-99,Marvel Comics,Unkown,good,-99
512,Penance I,Female,Unkown,Unkown,Unkown,-99,Marvel Comics,Unkown,good,-99
513,Penance II,Male,blue,Unkown,Blond,183,Marvel Comics,Unkown,good,89
514,Penguin,Male,blue,Human,Black,157,DC Comics,Unkown,bad,79
515,Peter Petrelli,Male,Unkown,Unkown,Unkown,-99,NBC Unkown Heroes,Unkown,good,-99
516,Phantom,Male,Unkown,Unkown,Unkown,-99,DC Comics,Unkown,good,-99
517,Phantom Girl,Female,blue,Unkown,Black,168,DC Comics,Unkown,good,54
518,Phoenix,Female,green,Mutant,Red,168,Marvel Comics,Unkown,good,52
519,Plantman,Male,green,Mutant,Grey,183,Marvel Comics,Unkown,bad,87
520,Plastic Lad,Male,Unkown,Unkown,Unkown,-99,DC Comics,Unkown,good,-99
521,Plastic Man,Male,blue,Human,Black,185,DC Comics,Unkown,good,80
522,Plastique,Female,blue,Unkown,Red,168,DC Comics,Unkown,bad,55
523,Poison Ivy,Female,green,Human,Red,168,DC Comics,green,bad,50
524,Polaris,Female,green,Mutant,Green,170,Marvel Comics,Unkown,good,52
525,Power Girl,Female,blue,Kryptonian,blond,180,DC Comics,Unkown,good,81
526,Power Man,Male,Unkown,Mutant,Unkown,-99,Marvel Comics,Unkown,good,-99
527,Predator,Male,Unkown,Yautja,Unkown,213,Dark Horse Comics,Unkown,bad,234
528,Professor X,Male,blue,Mutant,No Hair,183,Marvel Comics,Unkown,good,86
529,Professor Zoom,Male,blue,Human,Strawberry Blond,180,DC Comics,Unkown,bad,81
530,Proto-Goblin,Male,green,Unkown,Blond,-99,Marvel Comics,Unkown,bad,-99
531,Psylocke,Female,blue,Mutant,Purple,180,Marvel Comics,Unkown,good,70
532,Punisher,Male,blue,Human,Black,183,Marvel Comics,Unkown,good,90
533,Purple Man,Male,purple,Human,Purple,180,Marvel Comics,purple,bad,74
534,Pyro,Male,blue,Unkown,Blond,178,Marvel Comics,Unkown,bad,68
535,Q,Male,Unkown,God / Eternal,Unkown,-99,Star Trek,Unkown,Unkown,-99
536,Quantum,Male,Unkown,Unkown,Unkown,-99,HarperCollins,Unkown,good,-99
537,Question,Male,blue,Human,Blond,188,DC Comics,Unkown,good,83
538,Quicksilver,Male,blue,Mutant,Silver,183,Marvel Comics,Unkown,good,79
539,Quill,Male,brown,Unkown,Brown,163,Marvel Comics,Unkown,good,56
540,Ra's Al Ghul,Male,green,Human,Grey,193,DC Comics,Unkown,bad,97
541,Rachel Pirzad,Female,Unkown,Alpha,Unkown,-99,SyFy,Unkown,good,-99
542,Rambo,Male,brown,Human,Black,178,,Unkown,good,83
543,Raphael,Male,Unkown,Mutant,No Hair,-99,IDW Publishing,green,good,-99
544,Raven,Female,indigo,Human,Black,165,DC Comics,Unkown,neutral,50
545,Ray,Male,green,Human,Red,178,DC Comics,Unkown,good,70
546,Razor-Fist II,Male,blue,Unkown,No Hair,191,Marvel Comics,Unkown,bad,117
547,Red Arrow,Male,green,Human,Red,180,DC Comics,Unkown,good,83
548,Red Hood,Male,blue,Human,Black,183,DC Comics,Unkown,neutral,81
549,Red Hulk,Male,yellow,Human / Radiation,Black,213,Marvel Comics,red,neutral,630
550,Red Mist,Male,Unkown,Unkown,Unkown,-99,Icon Comics,Unkown,bad,-99
551,Red Robin,Male,blue,Human,Black,165,DC Comics,Unkown,good,56
552,Red Skull,Male,blue,Unkown,No Hair,188,Marvel Comics,Unkown,bad,108
553,Red Tornado,Male,green,Android,No Hair,185,DC Comics,Unkown,good,146
554,Redeemer II,Male,Unkown,Unkown,Unkown,-99,Image Comics,Unkown,bad,-99
555,Redeemer III,Male,Unkown,Unkown,Unkown,-99,Image Comics,Unkown,bad,-99
556,Renata Soliz,Female,Unkown,Unkown,Unkown,-99,HarperCollins,Unkown,good,-99
557,Rey,Female,hazel,Human,Brown,297,George Lucas,Unkown,good,-99
558,Rhino,Male,brown,Human / Radiation,Brown,196,Marvel Comics,Unkown,bad,320
559,Rick Flag,Male,blue,Unkown,Brown,185,DC Comics,Unkown,bad,85
560,Riddler,Male,Unkown,Unkown,Unkown,-99,DC Comics,Unkown,bad,-99
561,Rip Hunter,Male,blue,Human,Blond,-99,DC Comics,Unkown,good,-99
562,Ripcord,Female,green,Unkown,Black,180,Marvel Comics,Unkown,good,72
563,Robin,Male,blue,Human,Black,178,DC Comics,Unkown,good,79
564,Robin II,Male,blue,Human,Red,183,DC Comics,Unkown,good,101
565,Robin III,Male,blue,Human,Black,165,DC Comics,Unkown,good,56
566,Robin V,Male,blue,Human,Black,137,DC Comics,Unkown,good,38
567,Robin VI,Female,green,Human,Red,-99,DC Comics,Unkown,neutral,-99
568,Rocket Raccoon,Male,brown,Animal,Brown,122,Marvel Comics,Unkown,good,25
569,Rogue,Female,green,Unkown,Brown / White,173,Marvel Comics,Unkown,good,54
570,Ronin,Male,blue,Human,Blond,191,Marvel Comics,Unkown,good,104
571,Rorschach,Male,blue,Human,Red,168,DC Comics,Unkown,good,63
572,Sabretooth,Male,amber,Mutant,Blond,198,Marvel Comics,Unkown,bad,171
573,Sage,Female,blue,Unkown,Black,170,Marvel Comics,Unkown,good,61
574,Sandman,Male,brown,Human,Brown,185,Marvel Comics,Unkown,neutral,203
575,Sasquatch,Male,red,Unkown,Orange,305,Marvel Comics,Unkown,good,900
576,Sauron,Male,Unkown,Maiar,Unkown,279,J. R. R. Tolkien,Unkown,bad,-99
577,Savage Dragon,Male,Unkown,Unkown,Unkown,-99,Image Comics,Unkown,good,-99
578,Scarecrow,Male,blue,Human,Brown,183,DC Comics,Unkown,bad,63
579,Scarlet Spider,Male,blue,Human,Blond,178,Marvel Comics,Unkown,good,74
580,Scarlet Spider II,Male,brown,Clone,Brown,193,Marvel Comics,Unkown,good,113
581,Scarlet Witch,Female,blue,Mutant,Brown,170,Marvel Comics,Unkown,bad,59
582,Scorpia,Female,green,Unkown,Red,-99,Marvel Comics,Unkown,bad,-99
583,Scorpion,Male,brown,Human,Brown,211,Marvel Comics,Unkown,bad,310
584,Sebastian Shaw,Male,Unkown,Mutant,Unkown,-99,Marvel Comics,Unkown,bad,-99
585,Sentry,Male,blue,Mutant,Blond,188,Marvel Comics,Unkown,neutral,87
586,Shadow King,Unkown,red,Unkown,Unkown,185,Marvel Comics,Unkown,good,149
587,Shadow Lass,Female,black,Talokite,Black,173,DC Comics,blue,good,54
588,Shadowcat,Female,hazel,Mutant,Brown,168,Marvel Comics,Unkown,good,50
589,Shang-Chi,Male,brown,Human,Black,178,Marvel Comics,Unkown,good,79
590,Shatterstar,Male,brown,Unkown,Red,191,Marvel Comics,Unkown,good,88
591,She-Hulk,Female,green,Human,Green,201,Marvel Comics,Unkown,good,315
592,She-Thing,Female,blue,Human / Radiation,No Hair,183,Marvel Comics,Unkown,good,153
593,Shocker,Male,brown,Human,Brown,175,Marvel Comics,Unkown,bad,79
594,Shriek,Female,yellow / blue,Unkown,Black,173,Marvel Comics,Unkown,good,52
595,Shrinking Violet,Female,Unkown,Unkown,Unkown,-99,DC Comics,Unkown,good,-99
596,Sif,Female,blue,Asgardian,Black,188,Marvel Comics,Unkown,good,191
597,Silk,Female,brown,Human,Black,-99,Marvel Comics,Unkown,good,-99
598,Silk Spectre,Female,Unkown,Unkown,Unkown,-99,DC Comics,Unkown,good,-99
599,Silk Spectre II,Female,Unkown,Unkown,Unkown,-99,DC Comics,Unkown,good,-99
600,Silver Surfer,Male,white,Alien,No Hair,193,Marvel Comics,silver,good,101
601,Silverclaw,Female,brown,Unkown,Black,157,Marvel Comics,Unkown,good,50
602,Simon Baz,Male,bown,Human,Black,-99,DC Comics,Unkown,good,-99
603,Sinestro,Male,black,Korugaran,Black,201,DC Comics,red,neutral,92
604,Siren,Female,blue,Atlantean,Purple,175,DC Comics,Unkown,bad,72
605,Siren II,Female,black,Unkown,Unkown,-99,DC Comics,Unkown,bad,-99
606,Siryn,Female,blue,Unkown,Strawberry Blond,168,Marvel Comics,Unkown,bad,52
607,Skaar,Male,green,Unkown,Black,198,Marvel Comics,Unkown,good,180
608,Snake-Eyes,Male,Unkown,Animal,Unkown,-99,Marvel Comics,Unkown,bad,-99
609,Snowbird,Female,white,Unkown,Blond,178,Marvel Comics,Unkown,good,49
610,Sobek,Male,white,Unkown,No Hair,-99,DC Comics,Unkown,good,-99
611,Solomon Grundy,Male,black,Zombie,White,279,DC Comics,Unkown,bad,437
612,Songbird,Female,green,Unkown,Red / White,165,Marvel Comics,Unkown,good,65
613,Space Ghost,Male,Unkown,Human,Unkown,188,DC Comics,Unkown,good,113
614,Spawn,Male,brown,Demon,Black,211,Image Comics,Unkown,good,405
615,Spectre,Male,white,God / Eternal,No Hair,-99,DC Comics,white,good,-99
616,Speedball,Male,Unkown,Unkown,Unkown,-99,Marvel Comics,Unkown,good,-99
617,Speedy,Male,Unkown,Human,Unkown,-99,DC Comics,Unkown,good,-99
618,Speedy,Female,green,Human,Brown,-99,DC Comics,Unkown,good,-99
619,Spider-Carnage,Male,Unkown,Symbiote,Unkown,-99,Marvel Comics,Unkown,bad,-99
620,Spider-Girl,Female,blue,Human,Brown,170,Marvel Comics,Unkown,good,54
621,Spider-Gwen,Female,blue,Human,Blond,165,Marvel Comics,Unkown,good,56
622,Spider-Man,Male,hazel,Human,Brown,178,Marvel Comics,Unkown,good,74
623,Spider-Man,Unkown,red,Human,Brown,178,Marvel Comics,Unkown,good,77
624,Spider-Man,Male,brown,Human,Black,157,Marvel Comics,Unkown,good,56
625,Spider-Woman,Female,green,Human,Black,178,Marvel Comics,Unkown,good,59
626,Spider-Woman II,Female,Unkown,Unkown,Unkown,-99,Marvel Comics,Unkown,good,-99
627,Spider-Woman III,Female,brown,Unkown,Brown,173,Marvel Comics,Unkown,good,55
628,Spider-Woman IV,Female,red,Unkown,White,178,Marvel Comics,Unkown,bad,58
629,Spock,Male,brown,Human-Vulcan,Black,185,Star Trek,Unkown,good,81
630,Spyke,Male,brown,Mutant,Blond,183,Marvel Comics,Unkown,good,83
631,Stacy X,Female,Unkown,Unkown,Unkown,-99,Marvel Comics,Unkown,good,-99
632,Star-Lord,Male,blue,Human-Spartoi,Blond,188,Marvel Comics,Unkown,good,79
633,Stardust,Male,Unkown,Unkown,Unkown,-99,Marvel Comics,Unkown,good,-99
634,Starfire,Female,green,Tamaranean,Auburn,193,DC Comics,orange,good,71
635,Stargirl,Female,blue,Human,Blond,165,DC Comics,Unkown,good,62
636,Static,Male,brown,Mutant,Black,170,DC Comics,Unkown,good,63
637,Steel,Male,brown,Unkown,No Hair,201,DC Comics,Unkown,good,131
638,Stephanie Powell,Female,Unkown,Unkown,Blond,-99,ABC Studios,Unkown,good,-99
639,Steppenwolf,Male,red,New God,Black,183,DC Comics,white,bad,91
640,Storm,Female,blue,Mutant,White,180,Marvel Comics,Unkown,good,57
641,Stormtrooper,Male,Unkown,Human,Unkown,183,George Lucas,Unkown,bad,-99
642,Sunspot,Male,brown,Mutant,black,173,Marvel Comics,Unkown,good,77
643,Superboy,Male,blue,Unkown,Black,170,DC Comics,Unkown,good,68
644,Superboy-Prime,Male,blue,Kryptonian,Black / Blue,180,DC Comics,Unkown,bad,77
645,Supergirl,Female,blue,Kryptonian,Blond,165,DC Comics,Unkown,good,54
646,Superman,Male,blue,Kryptonian,Black,191,DC Comics,Unkown,good,101
647,Swamp Thing,Male,red,God / Eternal,No Hair,-99,DC Comics,green,bad,-99
648,Swarm,Male,yellow,Mutant,No Hair,196,Marvel Comics,yellow,bad,47
649,Sylar,Male,Unkown,Unkown,Unkown,-99,NBC Unkown Heroes,Unkown,bad,-99
650,Synch,Male,brown,Unkown,Black,180,Marvel Comics,Unkown,good,74
651,TU-1000,Male,Unkown,Android,Unkown,183,Dark Horse Comics,silver,bad,146
652,T-800,Male,red,Cyborg,Unkown,-99,Dark Horse Comics,Unkown,bad,176
653,TU-850,Male,red,Cyborg,Unkown,-99,Dark Horse Comics,Unkown,bad,198
654,T-X,Female,Unkown,Cyborg,Unkown,-99,Dark Horse Comics,silver,bad,149
655,Taskmaster,Male,brown,Human,Brown,188,Marvel Comics,Unkown,bad,99
656,Tempest,Female,brown,Unkown,Black,163,Marvel Comics,Unkown,good,54
657,Thanos,Male,red,Eternal,No Hair,201,Marvel Comics,purple,bad,443
658,The Cape,Male,Unkown,Unkown,Unkown,-99,,Unkown,good,-99
659,The Comedian,Male,brown,Human,Black,188,DC Comics,Unkown,neutral,101
660,Thing,Male,blue,Human / Radiation,No Hair,183,Marvel Comics,Unkown,good,225
661,Thor,Male,blue,Asgardian,Blond,198,Marvel Comics,Unkown,good,288
662,Thor Girl,Female,blue,Asgardian,Blond,175,Marvel Comics,Unkown,good,143
663,Thunderbird,Male,brown,Unkown,Black,185,Marvel Comics,Unkown,good,101
664,Thunderbird II,Male,Unkown,Unkown,Unkown,-99,Marvel Comics,Unkown,good,-99
665,Thunderbird III,Male,brown,Unkown,Black,175,Marvel Comics,Unkown,good,74
666,Thunderstrike,Male,blue,Unkown,Blond,198,Marvel Comics,Unkown,good,288
667,Thundra,Female,green,Unkown,Red,218,Marvel Comics,Unkown,good,158
668,Tiger Shark,Male,grey,Human,No Hair,185,Marvel Comics,grey,bad,203
669,Tigra,Female,green,Unkown,Auburn,178,Marvel Comics,Unkown,good,81
670,Tinkerer,Male,brown,Unkown,White,163,Marvel Comics,Unkown,bad,54
671,Titan,Male,Unkown,Unkown,Unkown,-99,HarperCollins,Unkown,good,-99
672,Toad,Male,black,Mutant,Brown,175,Marvel Comics,green,neutral,76
673,Toxin,Male,blue,Symbiote,Brown,188,Marvel Comics,Unkown,good,97
674,Toxin,Male,black,Symbiote,Blond,191,Marvel Comics,Unkown,good,117
675,Tracy Strauss,Female,Unkown,Unkown,Unkown,-99,NBC Unkown Heroes,Unkown,good,-99
676,Trickster,Male,blue,Human,Blond,183,DC Comics,Unkown,Unkown,81
677,Trigon,Male,yellow,God / Eternal,Black,-99,DC Comics,red,bad,-99
678,Triplicate Girl,Female,purple,Unkown,Brown,168,DC Comics,Unkown,good,59
679,Triton,Male,green,Inhuman,No Hair,188,Marvel Comics,green,good,86
680,Two-Face,Male,Unkown,Unkown,Unkown,183,DC Comics,Unkown,bad,82
681,Ultragirl,Female,blue,Unkown,Blond,168,Marvel Comics,Unkown,good,105
682,Ultron,Male,red,Android,Unkown,206,Marvel Comics,silver,bad,331
683,Utgard-Loki,Male,blue,Frost Giant,White,15.2,Marvel Comics,Unkown,bad,58
684,Vagabond,Female,blue,Unkown,Strawberry Blond,168,Marvel Comics,Unkown,good,54
685,Valerie Hart,Female,hazel,Unkown,Black,175,Team Epic TV,Unkown,good,56
686,Valkyrie,Female,blue,Unkown,Blond,191,Marvel Comics,Unkown,good,214
687,Vanisher,Male,green,Unkown,No Hair,165,Marvel Comics,Unkown,bad,79
688,Vegeta,Male,Unkown,Saiyan,Black,168,Shueisha,Unkown,bad,73
689,Venom,Male,blue,Symbiote,Strawberry Blond,191,Marvel Comics,Unkown,bad,117
690,Venom II,Male,brown,Unkown,Black,175,Marvel Comics,Unkown,bad,50
691,Venom III,Male,brown,Symbiote,Brown,229,Marvel Comics,Unkown,bad,334
692,Venompool,Male,Unkown,Symbiote,Unkown,226,Marvel Comics,Unkown,Unkown,-99
693,Vertigo II,Female,blue,Unkown,Silver,168,Marvel Comics,Unkown,good,52
694,Vibe,Male,brown,Human,Black,178,DC Comics,Unkown,good,71
695,Vindicator,Female,green,Human,Red,165,Marvel Comics,Unkown,good,54
696,Vindicator,Male,Unkown,Unkown,Unkown,-99,Marvel Comics,Unkown,good,-99
697,Violator,Male,Unkown,Unkown,Unkown,-99,Image Comics,Unkown,bad,-99
698,Violet Parr,Female,violet,Human,Black,137,Dark Horse Comics,Unkown,good,41
699,Vision,Male,gold,Android,No Hair,191,Marvel Comics,red,good,135
700,Vision II,Unkown,red,Unkown,No Hair,191,Marvel Comics,Unkown,good,135
701,Vixen,Female,amber,Human,Black,175,DC Comics,Unkown,good,63
702,Vulcan,Male,black,Unkown,Black,-99,Marvel Comics,Unkown,good,-99
703,Vulture,Male,brown,Human,No Hair,180,Marvel Comics,Unkown,bad,79
704,Walrus,Male,blue,Human,Black,183,Marvel Comics,Unkown,bad,162
705,War Machine,Male,brown,Human,Brown,185,Marvel Comics,Unkown,good,95
706,Warbird,Female,blue,Unkown,Blond,180,Marvel Comics,Unkown,good,54
707,Warlock,Male,red,Unkown,Blond,188,Marvel Comics,Unkown,good,108
708,Warp,Male,brown,Unkown,Black,173,DC Comics,Unkown,bad,67
709,Warpath,Male,brown,Mutant,Black,218,Marvel Comics,Unkown,good,158
710,Wasp,Female,blue,Human,Auburn,163,Marvel Comics,Unkown,good,50
711,Watcher,Male,Unkown,Unkown,Unkown,-99,Marvel Comics,Unkown,good,-99
712,Weapon XI,Male,Unkown,Unkown,Unkown,-99,Marvel Comics,Unkown,bad,-99
713,White Canary,Female,brown,Human,Black,-99,DC Comics,Unkown,bad,-99
714,White Queen,Female,blue,Unkown,Blond,178,Marvel Comics,Unkown,good,65
715,Wildfire,Male,Unkown,Unkown,Unkown,-99,DC Comics,Unkown,good,-99
716,Winter Soldier,Male,brown,Human,Brown,175,Marvel Comics,Unkown,good,117
717,Wiz Kid,Unkown,brown,Unkown,Black,140,Marvel Comics,Unkown,good,39
718,Wolfsbane,Female,green,Unkown,Auburn,366,Marvel Comics,Unkown,good,473
719,Wolverine,Male,blue,Mutant,Black,160,Marvel Comics,Unkown,good,135
720,Wonder Girl,Female,blue,DemiUnkownGod,Blond,165,DC Comics,Unkown,good,51
721,Wonder Man,Male,red,Unkown,Black,188,Marvel Comics,Unkown,good,171
722,Wonder Woman,Female,blue,Amazon,Black,183,DC Comics,Unkown,good,74
723,Wondra,Female,Unkown,Unkown,Unkown,-99,Marvel Comics,Unkown,good,-99
724,Wyatt Wingfoot,Male,brown,Unkown,Black,196,Marvel Comics,Unkown,good,117
725,X-23,Female,green,Mutant / Clone,Black,155,Marvel Comics,Unkown,good,50
726,X-Man,Male,blue,Unkown,Brown,175,Marvel Comics,Unkown,good,61
727,Yellow Claw,Male,blue,Unkown,No Hair,188,Marvel Comics,Unkown,bad,95
728,Yellowjacket,Male,blue,Human,Blond,183,Marvel Comics,Unkown,good,83
729,Yellowjacket II,Female,blue,Human,Strawberry Blond,165,Marvel Comics,Unkown,good,52
730,Ymir,Male,white,Frost Giant,No Hair,304.8,Marvel Comics,white,good,-99
731,Yoda,Male,brown,Yoda's species,White,66,George Lucas,green,good,17
732,Zatanna,Female,blue,Human,Black,170,DC Comics,Unkown,good,57
733,Zoom,Male,red,Unkown,Brown,185,DC Comics,Unkown,bad,81
